player_name,espn_id,team,position,season,category,fetched_at,GP,BIG,YDS/G,FUM,LST,FD,RUSH_YDS,RUSH_TD,RUSH_AVG,CAR,RUSH_LNG
Kareem Hunt,3059915,KC,RB,2017,rushing,2026-07-03T11:34:24.838325,16.0,12.0,82.9,1.0,1.0,60.0,1327.0,8.0,4.9,272.0,69.0
Todd Gurley,2977644,LAR,RB,2017,rushing,2026-07-03T11:34:24.838325,15.0,8.0,87.0,5.0,2.0,66.0,1305.0,13.0,4.7,279.0,57.0
Le'Veon Bell,15825,PIT,RB,2017,rushing,2026-07-03T11:34:24.838325,15.0,3.0,86.1,2.0,2.0,74.0,1291.0,9.0,4.0,321.0,27.0
LeSean McCoy,12514,BUF,RB,2017,rushing,2026-07-03T11:34:24.838325,16.0,12.0,71.1,3.0,1.0,55.0,1138.0,6.0,4.0,287.0,48.0
Mark Ingram II,13981,NO,RB,2017,rushing,2026-07-03T11:34:24.838325,16.0,11.0,70.3,2.0,2.0,50.0,1124.0,12.0,4.9,230.0,72.0
Jordan Howard,3060022,CHI,RB,2017,rushing,2026-07-03T11:34:24.838325,16.0,5.0,70.1,1.0,1.0,61.0,1122.0,9.0,4.1,276.0,53.0
Melvin Gordon III,2576434,LAC,RB,2017,rushing,2026-07-03T11:34:24.838325,16.0,5.0,69.1,1.0,0.0,58.0,1105.0,8.0,3.9,284.0,87.0
Leonard Fournette,3115364,JAX,RB,2017,rushing,2026-07-03T11:34:24.838325,13.0,4.0,80.0,2.0,0.0,46.0,1040.0,9.0,3.9,268.0,90.0
C.J. Anderson,16040,DEN,RB,2017,rushing,2026-07-03T11:34:24.838325,16.0,7.0,62.9,1.0,1.0,47.0,1007.0,3.0,4.1,245.0,40.0
Ezekiel Elliott,3051392,DAL,RB,2017,rushing,2026-07-03T11:34:24.838325,10.0,5.0,98.3,1.0,1.0,55.0,983.0,7.0,4.1,242.0,30.0
Alex Collins,3046409,BAL,RB,2017,rushing,2026-07-03T11:34:24.838325,15.0,6.0,64.9,2.0,2.0,51.0,973.0,6.0,4.6,212.0,50.0
Frank Gore,8479,IND,RB,2017,rushing,2026-07-03T11:34:24.838325,16.0,1.0,60.1,3.0,0.0,49.0,961.0,3.0,3.7,261.0,21.0
Carlos Hyde,16777,SF,RB,2017,rushing,2026-07-03T11:34:24.838325,16.0,6.0,58.8,2.0,1.0,44.0,940.0,8.0,3.9,240.0,61.0
Dion Lewis,14198,NE,RB,2017,rushing,2026-07-03T11:34:24.838325,16.0,7.0,56.0,0.0,0.0,48.0,896.0,6.0,5.0,180.0,44.0
Marshawn Lynch,10456,OAK,RB,2017,rushing,2026-07-03T11:34:24.838325,15.0,5.0,59.4,1.0,1.0,44.0,891.0,7.0,4.3,207.0,51.0
Lamar Miller,14886,HOU,RB,2017,rushing,2026-07-03T11:34:24.838325,16.0,1.0,55.5,1.0,0.0,43.0,888.0,3.0,3.7,238.0,21.0
Jay Ajayi,2573300,MIA/PHI,RB,2017,rushing,2026-07-03T11:34:24.838325,14.0,6.0,62.4,3.0,2.0,39.0,873.0,1.0,4.2,208.0,71.0
Devonta Freeman,16944,ATL,RB,2017,rushing,2026-07-03T11:34:24.838325,14.0,5.0,61.8,4.0,1.0,48.0,865.0,7.0,4.4,196.0,44.0
Isaiah Crowell,17133,CLE,RB,2017,rushing,2026-07-03T11:34:24.838325,16.0,5.0,53.3,1.0,1.0,38.0,853.0,2.0,4.1,206.0,59.0
Latavius Murray,15920,MIN,RB,2017,rushing,2026-07-03T11:34:24.838325,16.0,7.0,52.6,1.0,0.0,42.0,842.0,8.0,3.9,216.0,46.0
Bilal Powell,14129,NYJ,RB,2017,rushing,2026-07-03T11:34:24.838325,15.0,9.0,51.5,0.0,0.0,30.0,772.0,5.0,4.3,178.0,75.0
LeGarrette Blount,13213,PHI,RB,2017,rushing,2026-07-03T11:34:24.838325,16.0,7.0,47.9,1.0,1.0,30.0,766.0,2.0,4.4,173.0,68.0
Cam Newton,13994,CAR,QB,2017,rushing,2026-07-03T11:34:24.838325,16.0,5.0,47.1,6.0,1.0,46.0,754.0,6.0,5.4,139.0,69.0
Orleans Darkwa,17331,NYG,RB,2017,rushing,2026-07-03T11:34:24.838325,15.0,6.0,50.1,1.0,0.0,33.0,751.0,5.0,4.4,171.0,75.0
Derrick Henry,3043078,TEN,RB,2017,rushing,2026-07-03T11:34:24.838325,16.0,5.0,46.5,1.0,0.0,39.0,744.0,5.0,4.2,176.0,75.0
Alvin Kamara,3054850,NO,RB,2017,rushing,2026-07-03T11:34:24.838325,16.0,5.0,45.5,1.0,1.0,40.0,728.0,8.0,6.1,120.0,74.0
Jonathan Stewart,11247,CAR,RB,2017,rushing,2026-07-03T11:34:24.838325,15.0,1.0,45.3,3.0,3.0,41.0,680.0,6.0,3.4,198.0,60.0
DeMarco Murray,14005,TEN,RB,2017,rushing,2026-07-03T11:34:24.838325,15.0,3.0,43.9,1.0,1.0,29.0,659.0,6.0,3.6,184.0,75.0
Kenyan Drake,2979843,MIA,RB,2017,rushing,2026-07-03T11:34:24.838325,16.0,7.0,40.3,2.0,2.0,24.0,644.0,3.0,4.8,133.0,66.0
Tevin Coleman,2979477,ATL,RB,2017,rushing,2026-07-03T11:34:24.838325,15.0,6.0,41.9,1.0,0.0,27.0,628.0,5.0,4.0,156.0,52.0
Joe Mixon,3116385,CIN,RB,2017,rushing,2026-07-03T11:34:24.838325,14.0,2.0,44.7,1.0,1.0,35.0,626.0,4.0,3.5,178.0,25.0
Samaje Perine,3116389,WSH,RB,2017,rushing,2026-07-03T11:34:24.838325,16.0,1.0,37.7,2.0,2.0,22.0,603.0,1.0,3.4,175.0,30.0
Javorius Allen,2577253,BAL,RB,2017,rushing,2026-07-03T11:34:24.838325,16.0,1.0,36.9,0.0,0.0,38.0,591.0,4.0,3.9,153.0,37.0
Russell Wilson,14881,SEA,QB,2017,rushing,2026-07-03T11:34:24.838325,16.0,4.0,36.6,6.0,0.0,35.0,586.0,3.0,6.2,95.0,31.0
Jerick McKinnon,16782,MIN,RB,2017,rushing,2026-07-03T11:34:24.838325,16.0,2.0,35.6,2.0,2.0,23.0,570.0,3.0,3.8,150.0,58.0
Jamaal Williams,2980453,GB,RB,2017,rushing,2026-07-03T11:34:24.838325,16.0,1.0,34.8,0.0,0.0,32.0,556.0,4.0,3.6,153.0,25.0
Ameer Abdullah,2576336,DET,RB,2017,rushing,2026-07-03T11:34:24.838325,14.0,5.0,39.4,2.0,1.0,24.0,552.0,4.0,3.3,165.0,34.0
Alfred Morris,15009,DAL,RB,2017,rushing,2026-07-03T11:34:24.838325,14.0,4.0,39.1,0.0,0.0,25.0,547.0,1.0,4.8,115.0,70.0
Adrian Peterson,10452,ARI/NO,RB,2017,rushing,2026-07-03T11:34:24.838325,10.0,2.0,52.9,3.0,2.0,20.0,529.0,2.0,3.4,156.0,27.0
Wayne Gallman,3045127,NYG,RB,2017,rushing,2026-07-03T11:34:24.838325,13.0,2.0,36.6,3.0,1.0,19.0,476.0,0.0,4.3,111.0,24.0
Matt Breida,3049916,SF,RB,2017,rushing,2026-07-03T11:34:24.838325,16.0,2.0,29.1,1.0,0.0,22.0,465.0,2.0,4.4,105.0,33.0
Giovani Bernard,15826,CIN,RB,2017,rushing,2026-07-03T11:34:24.838325,16.0,5.0,28.6,0.0,0.0,20.0,458.0,2.0,4.4,105.0,25.0
Aaron Jones Sr.,3042519,GB,RB,2017,rushing,2026-07-03T11:34:24.838325,12.0,6.0,37.3,0.0,0.0,21.0,448.0,4.0,5.5,81.0,46.0
Christian McCaffrey,3117251,CAR,RB,2017,rushing,2026-07-03T11:34:24.838325,16.0,1.0,27.2,1.0,1.0,21.0,435.0,2.0,3.7,117.0,40.0
Tyrod Taylor,14163,BUF,QB,2017,rushing,2026-07-03T11:34:24.838325,15.0,2.0,28.5,1.0,0.0,26.0,427.0,4.0,5.1,84.0,32.0
Kerwynn Williams,16024,ARI,RB,2017,rushing,2026-07-03T11:34:24.838325,16.0,2.0,26.6,0.0,0.0,20.0,426.0,1.0,3.5,120.0,25.0
Peyton Barber,3051902,TB,RB,2017,rushing,2026-07-03T11:34:24.838325,16.0,1.0,26.4,2.0,1.0,23.0,423.0,3.0,3.9,108.0,34.0
DeShone Kizer,3129302,CLE,QB,2017,rushing,2026-07-03T11:34:24.838325,15.0,2.0,27.9,3.0,1.0,28.0,419.0,5.0,5.4,77.0,20.0
Doug Martin,14885,TB,RB,2017,rushing,2026-07-03T11:34:24.838325,11.0,1.0,36.9,1.0,1.0,21.0,406.0,3.0,2.9,138.0,27.0
Mike Gillislee,15952,NE,RB,2017,rushing,2026-07-03T11:34:24.838325,9.0,0.0,42.6,1.0,1.0,25.0,383.0,5.0,3.7,104.0,16.0
Chris Ivory,13587,JAX,RB,2017,rushing,2026-07-03T11:34:24.838325,14.0,1.0,27.3,2.0,2.0,16.0,382.0,1.0,3.4,112.0,34.0
Matt Forte,11278,NYJ,RB,2017,rushing,2026-07-03T11:34:24.838325,12.0,1.0,31.8,1.0,1.0,12.0,381.0,2.0,3.7,103.0,20.0
Tarik Cohen,3066158,CHI,RB,2017,rushing,2026-07-03T11:34:24.838325,16.0,4.0,23.1,2.0,1.0,17.0,370.0,2.0,4.3,87.0,46.0
Marlon Mack,3139605,IND,RB,2017,rushing,2026-07-03T11:34:24.838325,14.0,6.0,25.6,1.0,0.0,21.0,358.0,3.0,3.8,93.0,35.0
Dak Prescott,2577417,DAL,QB,2017,rushing,2026-07-03T11:34:24.838325,16.0,1.0,22.3,0.0,0.0,29.0,357.0,6.0,6.3,57.0,21.0
Alex Smith,8416,KC,QB,2017,rushing,2026-07-03T11:34:24.838325,15.0,2.0,23.7,1.0,0.0,19.0,355.0,1.0,5.9,60.0,70.0
Dalvin Cook,3116593,MIN,RB,2017,rushing,2026-07-03T11:34:24.838325,4.0,4.0,88.5,1.0,1.0,15.0,354.0,2.0,4.8,74.0,33.0
Duke Johnson,2969962,CLE,RB,2017,rushing,2026-07-03T11:34:24.838325,16.0,0.0,21.8,1.0,0.0,26.0,348.0,4.0,4.2,82.0,19.0
D'Onta Foreman,3125116,HOU,RB,2017,rushing,2026-07-03T11:34:24.838325,10.0,3.0,32.7,2.0,1.0,13.0,327.0,2.0,4.2,78.0,39.0
Blake Bortles,16724,JAX,QB,2017,rushing,2026-07-03T11:34:24.838325,16.0,3.0,20.1,3.0,0.0,19.0,322.0,2.0,5.6,57.0,28.0
Corey Clement,3045260,PHI,RB,2017,rushing,2026-07-03T11:34:24.838325,16.0,2.0,20.1,0.0,0.0,19.0,321.0,4.0,4.3,74.0,28.0
Elijah McGuire,3042494,NYJ,RB,2017,rushing,2026-07-03T11:34:24.838325,16.0,1.0,19.7,1.0,1.0,14.0,315.0,1.0,3.6,88.0,69.0
Marcus Mariota,2576980,TEN,QB,2017,rushing,2026-07-03T11:34:24.838325,15.0,2.0,20.8,2.0,1.0,22.0,312.0,5.0,5.2,60.0,34.0
Carson Wentz,2573079,PHI,QB,2017,rushing,2026-07-03T11:34:24.838325,13.0,3.0,23.0,5.0,2.0,26.0,299.0,0.0,4.7,64.0,24.0
Devontae Booker,3122866,DEN,RB,2017,rushing,2026-07-03T11:34:24.838325,13.0,1.0,23.0,1.0,0.0,11.0,299.0,1.0,3.8,79.0,26.0
Jamaal Charles,11307,DEN,RB,2017,rushing,2026-07-03T11:34:24.838325,14.0,0.0,21.1,2.0,2.0,16.0,296.0,1.0,4.3,69.0,19.0
Chris Thompson,15966,WSH,RB,2017,rushing,2026-07-03T11:34:24.838325,10.0,1.0,29.4,1.0,0.0,11.0,294.0,2.0,4.6,64.0,61.0
Theo Riddick,15994,DET,RB,2017,rushing,2026-07-03T11:34:24.838325,16.0,1.0,17.9,1.0,1.0,11.0,286.0,3.0,3.4,84.0,21.0
Jalen Richard,2972091,OAK,RB,2017,rushing,2026-07-03T11:34:24.838325,16.0,2.0,17.2,1.0,1.0,10.0,275.0,1.0,4.9,56.0,52.0
Ty Montgomery II,2577134,GB,WR,2017,rushing,2026-07-03T11:34:24.838325,8.0,1.0,34.1,0.0,0.0,13.0,273.0,3.0,3.8,71.0,37.0
Tavon Austin,15786,LAR,WR,2017,rushing,2026-07-03T11:34:24.838325,16.0,2.0,16.9,0.0,0.0,9.0,270.0,1.0,4.6,59.0,27.0
Brett Hundley,2577189,GB,QB,2017,rushing,2026-07-03T11:34:24.838325,11.0,3.0,24.5,2.0,1.0,21.0,270.0,2.0,7.5,36.0,24.0
Deshaun Watson,3122840,HOU,QB,2017,rushing,2026-07-03T11:34:24.838325,7.0,1.0,38.4,1.0,0.0,14.0,269.0,2.0,7.5,36.0,49.0
Rex Burkhead,15971,NE,RB,2017,rushing,2026-07-03T11:34:24.838325,10.0,2.0,26.4,1.0,0.0,14.0,264.0,5.0,4.1,64.0,31.0
Alfred Blue,16921,HOU,RB,2017,rushing,2026-07-03T11:34:24.838325,11.0,1.0,23.8,0.0,0.0,10.0,262.0,1.0,3.7,71.0,48.0
Jacoby Brissett,2578570,IND,QB,2017,rushing,2026-07-03T11:34:24.838325,16.0,1.0,16.3,3.0,1.0,14.0,260.0,4.0,4.1,63.0,25.0
Austin Ekeler,3068267,LAC,RB,2017,rushing,2026-07-03T11:34:24.838325,16.0,3.0,16.3,1.0,1.0,12.0,260.0,2.0,5.5,47.0,35.0
T.J. Yeldon,2976516,JAX,RB,2017,rushing,2026-07-03T11:34:24.838325,10.0,2.0,25.3,2.0,1.0,7.0,253.0,2.0,5.2,49.0,58.0
Corey Grant,2515934,JAX,RB,2017,rushing,2026-07-03T11:34:24.838325,16.0,3.0,15.5,0.0,0.0,10.0,248.0,2.0,8.3,30.0,58.0
Mitchell Trubisky,3039707,CHI,QB,2017,rushing,2026-07-03T11:34:24.838325,12.0,1.0,20.7,5.0,1.0,12.0,248.0,2.0,6.0,41.0,46.0
Mike Tolbert,11658,BUF,FB,2017,rushing,2026-07-03T11:34:24.838325,12.0,1.0,20.6,2.0,1.0,9.0,247.0,1.0,3.7,66.0,25.0
Malcolm Brown,2570986,LAR,RB,2017,rushing,2026-07-03T11:34:24.838325,11.0,1.0,22.4,1.0,0.0,10.0,246.0,1.0,3.9,63.0,20.0
Jacquizz Rodgers,14193,TB,RB,2017,rushing,2026-07-03T11:34:24.838325,16.0,1.0,15.3,0.0,0.0,11.0,244.0,1.0,3.8,64.0,36.0
Mike Davis,3025433,SEA,RB,2017,rushing,2026-07-03T11:34:24.838325,6.0,3.0,40.0,0.0,0.0,12.0,240.0,0.0,3.5,68.0,33.0
Rod Smith,2512197,DAL,FB,2017,rushing,2026-07-03T11:34:24.838325,15.0,1.0,15.5,0.0,0.0,15.0,232.0,4.0,4.2,55.0,45.0
Chris Carson,3919596,SEA,RB,2017,rushing,2026-07-03T11:34:24.838325,4.0,1.0,52.0,0.0,0.0,11.0,208.0,0.0,4.2,49.0,30.0
Rob Kelley,2575408,WSH,RB,2017,rushing,2026-07-03T11:34:24.838325,7.0,1.0,27.7,0.0,0.0,8.0,194.0,3.0,3.1,62.0,21.0
J.D. McKissic,2572861,SEA,RB,2017,rushing,2026-07-03T11:34:24.838325,13.0,1.0,14.4,0.0,0.0,8.0,187.0,1.0,4.1,46.0,30.0
Damien Williams,17359,MIA,RB,2017,rushing,2026-07-03T11:34:24.838325,11.0,1.0,16.5,0.0,0.0,7.0,181.0,0.0,3.9,46.0,69.0
Kirk Cousins,14880,WSH,QB,2017,rushing,2026-07-03T11:34:24.838325,16.0,0.0,11.2,7.0,1.0,17.0,179.0,4.0,3.7,49.0,18.0
Eddie Lacy,15848,SEA,RB,2017,rushing,2026-07-03T11:34:24.838325,9.0,0.0,19.9,0.0,0.0,7.0,179.0,0.0,2.6,69.0,19.0
Wendell Smallwood,3042429,PHI,RB,2017,rushing,2026-07-03T11:34:24.838325,8.0,2.0,21.8,0.0,0.0,9.0,174.0,1.0,3.7,47.0,26.0
James White,16913,NE,RB,2017,rushing,2026-07-03T11:34:24.838325,14.0,0.0,12.2,0.0,0.0,6.0,171.0,0.0,4.0,43.0,10.0
Tion Green,2979825,DET,RB,2017,rushing,2026-07-03T11:34:24.838325,5.0,1.0,33.0,0.0,0.0,9.0,165.0,2.0,3.9,42.0,33.0
Shane Vereen,14017,NYG,RB,2017,rushing,2026-07-03T11:34:24.838325,16.0,0.0,10.3,0.0,0.0,3.0,164.0,0.0,3.6,45.0,17.0
Case Keenum,15168,MIN,QB,2017,rushing,2026-07-03T11:34:24.838325,15.0,2.0,10.7,0.0,0.0,13.0,160.0,1.0,4.0,40.0,22.0
Thomas Rawls,2576237,SEA,RB,2017,rushing,2026-07-03T11:34:24.838325,12.0,1.0,13.1,1.0,1.0,6.0,157.0,0.0,2.7,58.0,23.0
DeAndre Washington,2577654,OAK,RB,2017,rushing,2026-07-03T11:34:24.838325,15.0,0.0,10.2,1.0,0.0,9.0,153.0,2.0,2.7,57.0,11.0
James Conner,3045147,PIT,RB,2017,rushing,2026-07-03T11:34:24.838325,14.0,1.0,10.3,0.0,0.0,4.0,144.0,0.0,4.5,32.0,23.0
Matt Ryan,11237,ATL,QB,2017,rushing,2026-07-03T11:34:24.838325,16.0,0.0,8.9,3.0,2.0,11.0,143.0,0.0,4.5,32.0,16.0
Terrance West,16783,BAL,RB,2017,rushing,2026-07-03T11:34:24.838325,5.0,0.0,27.6,1.0,1.0,11.0,138.0,2.0,3.5,39.0,13.0
C.J. Beathard,2979520,SF,QB,2017,rushing,2026-07-03T11:34:24.838325,7.0,0.0,19.4,0.0,0.0,9.0,136.0,3.0,5.2,26.0,16.0
Jameis Winston,2969939,TB,QB,2017,rushing,2026-07-03T11:34:24.838325,13.0,0.0,10.4,4.0,1.0,7.0,135.0,1.0,4.1,33.0,17.0
Terron Ward,2577023,ATL,RB,2017,rushing,2026-07-03T11:34:24.838325,14.0,0.0,9.2,1.0,1.0,7.0,129.0,0.0,4.3,30.0,17.0
Trevor Siemian,2511109,DEN,QB,2017,rushing,2026-07-03T11:34:24.838325,11.0,0.0,11.5,1.0,0.0,8.0,127.0,1.0,4.1,31.0,15.0
Aaron Rodgers,8439,GB,QB,2017,rushing,2026-07-03T11:34:24.838325,7.0,0.0,18.0,0.0,0.0,10.0,126.0,0.0,5.3,24.0,18.0
Josh McCown,3609,NYJ,QB,2017,rushing,2026-07-03T11:34:24.838325,13.0,2.0,9.5,4.0,1.0,14.0,124.0,5.0,3.4,37.0,22.0
Elijhaa Penny,2575965,ARI,RB,2017,rushing,2026-07-03T11:34:24.838325,16.0,0.0,7.8,0.0,0.0,7.0,124.0,2.0,4.0,31.0,14.0
Cordarrelle Patterson,15807,OAK,RB,2017,rushing,2026-07-03T11:34:24.838325,16.0,2.0,7.6,0.0,0.0,3.0,121.0,2.0,9.3,13.0,47.0
Jeremy Hill,16803,CIN,RB,2017,rushing,2026-07-03T11:34:24.838325,7.0,0.0,16.6,1.0,0.0,5.0,116.0,0.0,3.1,37.0,13.0
Chris Johnson,11258,ARI,RB,2017,rushing,2026-07-03T11:34:24.838325,4.0,0.0,28.5,0.0,0.0,3.0,114.0,0.0,2.5,45.0,11.0
Stevan Ridley,14028,PIT,RB,2017,rushing,2026-07-03T11:34:24.838325,2.0,1.0,54.0,0.0,0.0,6.0,108.0,1.0,4.2,26.0,21.0
Andy Dalton,14012,CIN,QB,2017,rushing,2026-07-03T11:34:24.838325,16.0,1.0,6.2,1.0,1.0,9.0,99.0,0.0,2.6,38.0,25.0
Matthew Stafford,12483,DET,QB,2017,rushing,2026-07-03T11:34:24.838325,16.0,0.0,6.1,2.0,1.0,9.0,98.0,0.0,3.4,29.0,15.0
Travis Benjamin,15062,LAC,WR,2017,rushing,2026-07-03T11:34:24.838325,16.0,1.0,6.0,0.0,0.0,5.0,96.0,0.0,7.4,13.0,22.0
Travaris Cadet,15457,BUF/NYJ,RB,2017,rushing,2026-07-03T11:34:24.838325,9.0,0.0,10.7,0.0,0.0,6.0,96.0,0.0,4.2,23.0,12.0
Charles Sims,16749,TB,RB,2017,rushing,2026-07-03T11:34:24.838325,16.0,1.0,5.9,0.0,0.0,6.0,95.0,0.0,4.5,21.0,21.0
Cameron Artis-Payne,3043097,CAR,RB,2017,rushing,2026-07-03T11:34:24.838325,13.0,1.0,7.3,0.0,0.0,5.0,95.0,1.0,5.3,18.0,43.0
Paul Perkins,2971589,NYG,RB,2017,rushing,2026-07-03T11:34:24.838325,11.0,0.0,8.2,0.0,0.0,3.0,90.0,0.0,2.2,41.0,14.0
Branden Oliver,17452,LAC,RB,2017,rushing,2026-07-03T11:34:24.838325,8.0,1.0,10.4,0.0,0.0,6.0,83.0,0.0,2.4,35.0,26.0
Blaine Gabbert,13987,ARI,QB,2017,rushing,2026-07-03T11:34:24.838325,5.0,0.0,16.4,3.0,0.0,7.0,82.0,0.0,3.7,22.0,12.0
Kapri Bibbs,16969,WSH,RB,2017,rushing,2026-07-03T11:34:24.838325,3.0,0.0,26.3,0.0,0.0,4.0,79.0,0.0,3.8,21.0,16.0
Ryan Fitzpatrick,8664,TB,QB,2017,rushing,2026-07-03T11:34:24.838325,6.0,0.0,13.0,0.0,0.0,5.0,78.0,0.0,5.2,15.0,15.0
Charcandrick West,17284,KC,RB,2017,rushing,2026-07-03T11:34:24.838325,13.0,1.0,5.5,0.0,0.0,4.0,72.0,2.0,4.0,18.0,21.0
Kevin Hogan,2577128,CLE,QB,2017,rushing,2026-07-03T11:34:24.838325,4.0,0.0,17.8,0.0,0.0,4.0,71.0,0.0,7.1,10.0,11.0
Brandon Bolden,15478,NE,RB,2017,rushing,2026-07-03T11:34:24.838325,16.0,1.0,4.2,0.0,0.0,3.0,67.0,0.0,5.2,13.0,20.0
Derek Carr,16757,OAK,QB,2017,rushing,2026-07-03T11:34:24.838325,15.0,1.0,4.4,4.0,2.0,5.0,66.0,0.0,2.9,23.0,32.0
Brock Osweiler,14879,DEN,QB,2017,rushing,2026-07-03T11:34:24.838325,6.0,0.0,10.7,0.0,0.0,3.0,64.0,1.0,4.6,14.0,18.0
Curtis Samuel,3121427,CAR,WR,2017,rushing,2026-07-03T11:34:24.838325,9.0,1.0,7.1,0.0,0.0,3.0,64.0,0.0,16.0,4.0,31.0
Darren Sproles,8544,PHI,RB,2017,rushing,2026-07-03T11:34:24.838325,3.0,0.0,20.3,0.0,0.0,4.0,61.0,0.0,4.1,15.0,12.0
Tyreek Hill,3116406,KC,WR,2017,rushing,2026-07-03T11:34:24.838325,15.0,0.0,3.9,0.0,0.0,3.0,59.0,0.0,3.5,17.0,16.0
Tyler Lockett,2577327,SEA,WR,2017,rushing,2026-07-03T11:34:24.838325,16.0,1.0,3.6,0.0,0.0,4.0,58.0,0.0,5.8,10.0,22.0
Kenjon Barner,15921,PHI,RB,2017,rushing,2026-07-03T11:34:24.838325,13.0,0.0,4.4,0.0,0.0,3.0,57.0,1.0,3.6,16.0,18.0
Danny Woodhead,11788,BAL,RB,2017,rushing,2026-07-03T11:34:24.838325,8.0,0.0,7.0,0.0,0.0,2.0,56.0,0.0,4.0,14.0,10.0
Andre Ellington,15893,ARI/HOU,RB,2017,rushing,2026-07-03T11:34:24.838325,12.0,0.0,4.6,0.0,0.0,3.0,55.0,1.0,2.8,20.0,14.0
Bryce Petty,2466005,NYJ,QB,2017,rushing,2026-07-03T11:34:24.838325,4.0,1.0,13.8,0.0,0.0,4.0,55.0,0.0,7.9,7.0,24.0
Adoree' Jackson,3120347,TEN,CB,2017,rushing,2026-07-03T11:34:24.838325,16.0,2.0,3.4,0.0,0.0,3.0,55.0,0.0,11.0,5.0,20.0
Joe Flacco,11252,BAL,QB,2017,rushing,2026-07-03T11:34:24.838325,16.0,1.0,3.4,1.0,0.0,3.0,54.0,1.0,2.2,25.0,25.0
Joe Webb,13484,BUF,QB,2017,rushing,2026-07-03T11:34:24.838325,16.0,1.0,3.4,0.0,0.0,4.0,54.0,0.0,6.8,8.0,22.0
Robert Turbin,14894,IND,RB,2017,rushing,2026-07-03T11:34:24.838325,6.0,0.0,8.8,0.0,0.0,9.0,53.0,1.0,2.3,23.0,7.0
T.J. Yates,14114,HOU,QB,2017,rushing,2026-07-03T11:34:24.838325,4.0,0.0,12.8,0.0,0.0,4.0,51.0,0.0,10.2,5.0,15.0
Lance Dunbar,15369,LAR,RB,2017,rushing,2026-07-03T11:34:24.838325,4.0,0.0,12.8,0.0,0.0,4.0,51.0,1.0,4.6,11.0,12.0
Jared Goff,3046779,LAR,QB,2017,rushing,2026-07-03T11:34:24.838325,15.0,1.0,3.4,1.0,1.0,3.0,51.0,1.0,1.8,28.0,22.0
Taylor Gabriel,17437,ATL,WR,2017,rushing,2026-07-03T11:34:24.838325,16.0,0.0,3.1,0.0,0.0,3.0,49.0,0.0,6.1,8.0,15.0
Trey Edmunds,2970090,NO,RB,2017,rushing,2026-07-03T11:34:24.838325,16.0,1.0,3.0,0.0,0.0,1.0,48.0,1.0,5.3,9.0,41.0
Ben Roethlisberger,5536,PIT,QB,2017,rushing,2026-07-03T11:34:24.838325,15.0,0.0,3.1,2.0,0.0,6.0,47.0,0.0,1.7,28.0,14.0
Marquise Goodwin,15839,SF,WR,2017,rushing,2026-07-03T11:34:24.838325,16.0,0.0,2.8,0.0,0.0,3.0,44.0,0.0,11.0,4.0,18.0
Dwayne Washington,3002265,DET,RB,2017,rushing,2026-07-03T11:34:24.838325,5.0,0.0,8.8,0.0,0.0,1.0,44.0,0.0,2.2,20.0,6.0
Jamize Olawale,15653,OAK,FB,2017,rushing,2026-07-03T11:34:24.838325,12.0,0.0,3.6,1.0,0.0,5.0,43.0,1.0,4.8,9.0,11.0
Taywan Taylor,3059760,TEN,WR,2017,rushing,2026-07-03T11:34:24.838325,16.0,0.0,2.7,0.0,0.0,1.0,43.0,0.0,5.4,8.0,17.0
Michael Campanaro,16832,BAL,WR,2017,rushing,2026-07-03T11:34:24.838325,13.0,0.0,3.2,0.0,0.0,2.0,42.0,0.0,8.4,5.0,19.0
Marcus Murphy,2514123,BUF,RB,2017,rushing,2026-07-03T11:34:24.838325,1.0,1.0,41.0,0.0,0.0,2.0,41.0,0.0,5.9,7.0,25.0
Anthony Sherman,14135,KC,FB,2017,rushing,2026-07-03T11:34:24.838325,16.0,0.0,2.5,0.0,0.0,5.0,40.0,1.0,2.9,14.0,9.0
Brandin Cooks,16731,NE,WR,2017,rushing,2026-07-03T11:34:24.838325,16.0,0.0,2.5,0.0,0.0,2.0,40.0,0.0,4.4,9.0,13.0
Ted Ginn Jr.,10453,NO,WR,2017,rushing,2026-07-03T11:34:24.838325,15.0,0.0,2.6,0.0,0.0,2.0,39.0,0.0,3.9,10.0,15.0
DeSean Jackson,11283,TB,WR,2017,rushing,2026-07-03T11:34:24.838325,14.0,1.0,2.7,0.0,0.0,1.0,38.0,0.0,12.7,3.0,23.0
J.J. Nelson,2515759,ARI,WR,2017,rushing,2026-07-03T11:34:24.838325,16.0,0.0,2.3,0.0,0.0,2.0,37.0,0.0,12.3,3.0,16.0
Brian Hill,3125403,ATL/CIN,RB,2017,rushing,2026-07-03T11:34:24.838325,6.0,0.0,6.2,0.0,0.0,2.0,37.0,0.0,3.4,11.0,11.0
Jamison Crowder,2576716,WSH,WR,2017,rushing,2026-07-03T11:34:24.838325,15.0,0.0,2.3,0.0,0.0,1.0,34.0,0.0,4.9,7.0,11.0
Chad Williams,3066052,ARI,WR,2017,rushing,2026-07-03T11:34:24.838325,6.0,1.0,5.5,0.0,0.0,1.0,33.0,0.0,16.5,2.0,33.0
Jay Cutler,9597,MIA,QB,2017,rushing,2026-07-03T11:34:24.838325,14.0,0.0,2.3,2.0,0.0,3.0,32.0,0.0,1.7,19.0,9.0
Darrius Heyward-Bey,12570,PIT,WR,2017,rushing,2026-07-03T11:34:24.838325,16.0,1.0,2.0,0.0,0.0,1.0,32.0,1.0,16.0,2.0,29.0
Byron Marshall,2971289,WSH,RB,2017,rushing,2026-07-03T11:34:24.838325,4.0,0.0,8.0,0.0,0.0,1.0,32.0,0.0,3.6,9.0,11.0
Kyle Juszczyk,16002,SF,FB,2017,rushing,2026-07-03T11:34:24.838325,14.0,0.0,2.2,0.0,0.0,4.0,31.0,0.0,4.4,7.0,12.0
Senorise Perry,17421,MIA,RB,2017,rushing,2026-07-03T11:34:24.838325,16.0,0.0,1.9,0.0,0.0,2.0,30.0,0.0,3.8,8.0,12.0
Raheem Mostert,2576414,SF,RB,2017,rushing,2026-07-03T11:34:24.838325,11.0,0.0,2.7,1.0,1.0,1.0,30.0,0.0,5.0,6.0,16.0
Paxton Lynch,2977881,DEN,QB,2017,rushing,2026-07-03T11:34:24.838325,2.0,0.0,15.0,0.0,0.0,2.0,30.0,0.0,6.0,5.0,11.0
Benny Cunningham,16055,CHI,RB,2017,rushing,2026-07-03T11:34:24.838325,14.0,0.0,2.1,0.0,0.0,1.0,29.0,0.0,3.2,9.0,12.0
Mack Brown,2512191,MIN/WSH,RB,2017,rushing,2026-07-03T11:34:24.838325,3.0,0.0,9.7,0.0,0.0,1.0,29.0,0.0,3.6,8.0,11.0
Tom Brady,2330,NE,QB,2017,rushing,2026-07-03T11:34:24.838325,16.0,0.0,1.8,1.0,1.0,7.0,28.0,0.0,1.1,25.0,7.0
Zach Line,16366,NO,FB,2017,rushing,2026-07-03T11:34:24.838325,12.0,0.0,2.3,0.0,0.0,5.0,28.0,0.0,4.0,7.0,9.0
Kaelin Clay,2516957,BUF/CAR,WR,2017,rushing,2026-07-03T11:34:24.838325,13.0,1.0,2.1,0.0,0.0,1.0,27.0,0.0,9.0,3.0,29.0
ArDarius Stewart,3054860,NYJ,WR,2017,rushing,2026-07-03T11:34:24.838325,15.0,0.0,1.8,0.0,0.0,2.0,27.0,0.0,3.9,7.0,11.0
Eli Manning,5526,NYG,QB,2017,rushing,2026-07-03T11:34:24.838325,15.0,0.0,1.7,1.0,0.0,2.0,26.0,1.0,2.2,12.0,14.0
Zach Zenner,2521161,DET,RB,2017,rushing,2026-07-03T11:34:24.838325,8.0,0.0,3.3,0.0,0.0,2.0,26.0,1.0,1.9,14.0,14.0
Andre Williams,16889,LAC,RB,2017,rushing,2026-07-03T11:34:24.838325,8.0,0.0,3.1,0.0,0.0,0.0,25.0,0.0,2.8,9.0,7.0
Fitzgerald Toussaint,17465,PIT,RB,2017,rushing,2026-07-03T11:34:24.838325,6.0,0.0,4.2,0.0,0.0,1.0,25.0,0.0,4.2,6.0,7.0
Chris Jones,14723,DAL,P,2017,rushing,2026-07-03T11:34:24.838325,16.0,1.0,1.5,0.0,0.0,1.0,24.0,0.0,24.0,1.0,24.0
Derek Watt,2576450,LAC,FB,2017,rushing,2026-07-03T11:34:24.838325,16.0,0.0,1.5,0.0,0.0,2.0,24.0,0.0,4.0,6.0,17.0
David Johnson,2508176,ARI,RB,2017,rushing,2026-07-03T11:34:24.838325,1.0,0.0,23.0,1.0,1.0,0.0,23.0,0.0,2.1,11.0,6.0
Akeem Hunt,2576408,KC,RB,2017,rushing,2026-07-03T11:34:24.838325,15.0,0.0,1.5,0.0,0.0,1.0,23.0,0.0,2.9,8.0,11.0
Nathan Peterman,2972236,BUF,QB,2017,rushing,2026-07-03T11:34:24.838325,4.0,0.0,5.8,2.0,0.0,1.0,23.0,0.0,3.3,7.0,9.0
C.J. Prosise,2980148,SEA,RB,2017,rushing,2026-07-03T11:34:24.838325,5.0,0.0,4.6,0.0,0.0,1.0,23.0,0.0,2.1,11.0,8.0
Golden Tate,13217,DET,WR,2017,rushing,2026-07-03T11:34:24.838325,16.0,0.0,1.4,0.0,0.0,1.0,22.0,0.0,4.4,5.0,10.0
Martavis Bryant,16886,PIT,WR,2017,rushing,2026-07-03T11:34:24.838325,15.0,0.0,1.5,0.0,0.0,0.0,22.0,0.0,3.7,6.0,13.0
Nate Sudfeld,2979501,PHI,QB,2017,rushing,2026-07-03T11:34:24.838325,1.0,1.0,22.0,0.0,0.0,1.0,22.0,0.0,22.0,1.0,22.0
David Fluellen,16994,TEN,RB,2017,rushing,2026-07-03T11:34:24.838325,16.0,0.0,1.3,0.0,0.0,1.0,21.0,0.0,5.3,4.0,10.0
Russell Shepard,16227,CAR,WR,2017,rushing,2026-07-03T11:34:24.838325,15.0,0.0,1.3,0.0,0.0,1.0,19.0,0.0,9.5,2.0,11.0
D.J. Foster,2978124,ARI,RB,2017,rushing,2026-07-03T11:34:24.838325,7.0,0.0,2.7,0.0,0.0,0.0,19.0,0.0,3.2,6.0,5.0
Fozzy Whittaker,15755,CAR,RB,2017,rushing,2026-07-03T11:34:24.838325,12.0,0.0,1.5,0.0,0.0,2.0,18.0,0.0,2.6,7.0,8.0
Randall Cobb,14053,GB,WR,2017,rushing,2026-07-03T11:34:24.838325,15.0,0.0,1.1,0.0,0.0,1.0,17.0,0.0,1.9,9.0,10.0
Chris Hogan,14402,NE,WR,2017,rushing,2026-07-03T11:34:24.838325,9.0,0.0,1.9,0.0,0.0,1.0,17.0,0.0,5.7,3.0,13.0
Marqise Lee,16787,JAX,WR,2017,rushing,2026-07-03T11:34:24.838325,14.0,0.0,1.2,0.0,0.0,1.0,17.0,0.0,17.0,1.0,17.0
Bruce Ellington,16946,HOU,WR,2017,rushing,2026-07-03T11:34:24.838325,11.0,0.0,1.5,0.0,0.0,1.0,17.0,0.0,5.7,3.0,13.0
Bernard Reedy,17032,TB/NE,WR,2017,rushing,2026-07-03T11:34:24.838325,9.0,0.0,1.9,0.0,0.0,1.0,17.0,0.0,5.7,3.0,10.0
Alex Erickson,2977800,CIN,WR,2017,rushing,2026-07-03T11:34:24.838325,16.0,0.0,1.0,0.0,0.0,1.0,16.0,0.0,3.2,5.0,14.0
Julio Jones,13982,ATL,WR,2017,rushing,2026-07-03T11:34:24.838325,16.0,0.0,0.9,0.0,0.0,1.0,15.0,0.0,15.0,1.0,15.0
EJ Manuel,15803,OAK,QB,2017,rushing,2026-07-03T11:34:24.838325,2.0,0.0,7.5,0.0,0.0,1.0,15.0,0.0,7.5,2.0,10.0
Terrance Williams,15878,DAL,WR,2017,rushing,2026-07-03T11:34:24.838325,16.0,0.0,0.9,0.0,0.0,1.0,15.0,0.0,7.5,2.0,9.0
JoJo Natson,2971830,NYJ,WR,2017,rushing,2026-07-03T11:34:24.838325,7.0,0.0,2.1,0.0,0.0,1.0,15.0,0.0,15.0,1.0,15.0
Nate Ebner,15125,NE,S,2017,rushing,2026-07-03T11:34:24.838325,9.0,0.0,1.6,1.0,0.0,1.0,14.0,0.0,14.0,1.0,14.0
MarQueis Gray,16323,MIA,TE,2017,rushing,2026-07-03T11:34:24.838325,16.0,0.0,0.9,0.0,0.0,3.0,14.0,0.0,2.8,5.0,5.0
Tommylee Lewis,2574918,NO,WR,2017,rushing,2026-07-03T11:34:24.838325,15.0,0.0,0.9,0.0,0.0,0.0,14.0,0.0,7.0,2.0,8.0
Matt Jones,2980105,IND,RB,2017,rushing,2026-07-03T11:34:24.838325,5.0,0.0,2.8,0.0,0.0,1.0,14.0,0.0,2.8,5.0,5.0
LeShun Daniels Jr.,3040143,WSH,RB,2017,rushing,2026-07-03T11:34:24.838325,4.0,0.0,3.5,0.0,0.0,0.0,14.0,0.0,4.7,3.0,8.0
Evan Engram,3051876,NYG,TE,2017,rushing,2026-07-03T11:34:24.838325,15.0,0.0,0.9,0.0,0.0,1.0,14.0,0.0,14.0,1.0,14.0
Trevor Davis,2573343,GB,WR,2017,rushing,2026-07-03T11:34:24.838325,16.0,0.0,0.8,0.0,0.0,0.0,13.0,0.0,6.5,2.0,9.0
Aaron Ripkowski,2577467,GB,FB,2017,rushing,2026-07-03T11:34:24.838325,16.0,0.0,0.8,0.0,0.0,0.0,13.0,0.0,2.6,5.0,4.0
De'Angelo Henderson,2968226,DEN,RB,2017,rushing,2026-07-03T11:34:24.838325,5.0,0.0,2.6,0.0,0.0,2.0,13.0,0.0,1.9,7.0,5.0
Cooper Rush,2972515,DAL,QB,2017,rushing,2026-07-03T11:34:24.838325,2.0,0.0,6.5,0.0,0.0,1.0,13.0,0.0,6.5,2.0,15.0
Stefon Diggs,2976212,MIN,WR,2017,rushing,2026-07-03T11:34:24.838325,14.0,0.0,0.9,0.0,0.0,1.0,13.0,0.0,1.6,8.0,9.0
Matt Dayes,3051711,CLE,RB,2017,rushing,2026-07-03T11:34:24.838325,16.0,0.0,0.8,0.0,0.0,1.0,13.0,0.0,2.6,5.0,4.0
Gerald Everett,3918639,LAR,TE,2017,rushing,2026-07-03T11:34:24.838325,16.0,0.0,0.8,0.0,0.0,1.0,13.0,0.0,13.0,1.0,13.0
C.J. Ham,4012556,MIN,FB,2017,rushing,2026-07-03T11:34:24.838325,16.0,0.0,0.8,0.0,0.0,5.0,13.0,1.0,1.9,7.0,3.0
Drew Brees,2580,NO,QB,2017,rushing,2026-07-03T11:34:24.838325,16.0,0.0,0.8,2.0,0.0,7.0,12.0,2.0,0.4,33.0,7.0
Carson Palmer,4459,ARI,QB,2017,rushing,2026-07-03T11:34:24.838325,7.0,0.0,1.7,2.0,0.0,5.0,12.0,0.0,0.9,14.0,4.0
Geno Smith,15864,NYG,QB,2017,rushing,2026-07-03T11:34:24.838325,2.0,0.0,6.0,0.0,0.0,2.0,12.0,0.0,3.0,4.0,10.0
Robert Woods,15880,LAR,WR,2017,rushing,2026-07-03T11:34:24.838325,12.0,0.0,1.0,0.0,0.0,0.0,12.0,0.0,6.0,2.0,8.0
Tyler Ervin,2573974,HOU,RB,2017,rushing,2026-07-03T11:34:24.838325,4.0,0.0,3.0,0.0,0.0,1.0,12.0,0.0,3.0,4.0,6.0
Jakeem Grant Sr.,2577641,MIA,WR,2017,rushing,2026-07-03T11:34:24.838325,16.0,0.0,0.8,0.0,0.0,0.0,12.0,0.0,4.0,3.0,7.0
Damiere Byrd,2577667,CAR,WR,2017,rushing,2026-07-03T11:34:24.838325,8.0,0.0,1.5,0.0,0.0,1.0,12.0,0.0,12.0,1.0,12.0
Andy Janovich,2974317,DEN,FB,2017,rushing,2026-07-03T11:34:24.838325,16.0,0.0,0.8,0.0,0.0,3.0,12.0,1.0,2.0,6.0,4.0
John Ross,3052177,CIN,WR,2017,rushing,2026-07-03T11:34:24.838325,3.0,0.0,4.0,1.0,1.0,0.0,12.0,0.0,12.0,1.0,12.0
Adam Thielen,16460,MIN,WR,2017,rushing,2026-07-03T11:34:24.838325,16.0,0.0,0.7,0.0,0.0,1.0,11.0,0.0,11.0,1.0,11.0
Jimmy Garoppolo,16760,SF,QB,2017,rushing,2026-07-03T11:34:24.838325,6.0,0.0,1.8,1.0,0.0,3.0,11.0,1.0,0.7,15.0,8.0
Mohamed Sanu,14922,ATL,WR,2017,rushing,2026-07-03T11:34:24.838325,15.0,0.0,0.7,0.0,0.0,3.0,10.0,0.0,2.5,4.0,4.0
John Brown,16804,ARI,WR,2017,rushing,2026-07-03T11:34:24.838325,10.0,0.0,1.0,0.0,0.0,1.0,10.0,0.0,10.0,1.0,10.0
Kasey Redfern,17495,DET,P,2017,rushing,2026-07-03T11:34:24.838325,1.0,0.0,10.0,1.0,0.0,0.0,10.0,0.0,10.0,1.0,10.0
Patrick Mahomes,3139477,KC,QB,2017,rushing,2026-07-03T11:34:24.838325,1.0,0.0,10.0,0.0,0.0,0.0,10.0,0.0,1.4,7.0,5.0
Matt Moore,11128,MIA,QB,2017,rushing,2026-07-03T11:34:24.838325,4.0,0.0,2.3,0.0,0.0,1.0,9.0,0.0,3.0,3.0,7.0
Keenan Allen,15818,LAC,WR,2017,rushing,2026-07-03T11:34:24.838325,16.0,0.0,0.6,0.0,0.0,0.0,9.0,0.0,4.5,2.0,6.0
Michael Burton,2515270,CHI,FB,2017,rushing,2026-07-03T11:34:24.838325,16.0,0.0,0.6,0.0,0.0,2.0,9.0,0.0,2.3,4.0,7.0
Robbie Chosen,2574808,NYJ,WR,2017,rushing,2026-07-03T11:34:24.838325,16.0,0.0,0.6,0.0,0.0,0.0,9.0,0.0,3.0,3.0,7.0
Kenny Golladay,2974858,DET,WR,2017,rushing,2026-07-03T11:34:24.838325,11.0,0.0,0.8,0.0,0.0,0.0,9.0,0.0,9.0,1.0,9.0
William Fuller V,3052876,HOU,WR,2017,rushing,2026-07-03T11:34:24.838325,10.0,0.0,0.9,0.0,0.0,0.0,9.0,0.0,4.5,2.0,5.0
Jamal Agnew,3061612,DET,WR,2017,rushing,2026-07-03T11:34:24.838325,13.0,0.0,0.7,0.0,0.0,1.0,9.0,0.0,4.5,2.0,5.0
Derrick Coleman,15351,ATL,FB,2017,rushing,2026-07-03T11:34:24.838325,16.0,0.0,0.5,0.0,0.0,0.0,8.0,0.0,4.0,2.0,5.0
Odell Beckham Jr.,16733,NYG,WR,2017,rushing,2026-07-03T11:34:24.838325,4.0,0.0,2.0,0.0,0.0,0.0,8.0,0.0,8.0,1.0,8.0
David Fales,16821,MIA,QB,2017,rushing,2026-07-03T11:34:24.838325,2.0,0.0,4.0,0.0,0.0,1.0,8.0,1.0,2.0,4.0,3.0
Terrell Watson,2581598,PIT,RB,2017,rushing,2026-07-03T11:34:24.838325,10.0,0.0,0.8,0.0,0.0,3.0,8.0,0.0,1.6,5.0,3.0
Chester Rogers,2983209,IND,WR,2017,rushing,2026-07-03T11:34:24.838325,11.0,0.0,0.7,0.0,0.0,0.0,8.0,0.0,2.7,3.0,7.0
Bobo Wilson,3045380,TB,WR,2017,rushing,2026-07-03T11:34:24.838325,3.0,0.0,2.7,0.0,0.0,0.0,8.0,0.0,2.7,3.0,8.0
Drew Stanton,10487,ARI,QB,2017,rushing,2026-07-03T11:34:24.838325,5.0,0.0,1.4,0.0,0.0,2.0,7.0,0.0,0.8,9.0,5.0
Travis Kelce,15847,KC,TE,2017,rushing,2026-07-03T11:34:24.838325,15.0,0.0,0.5,0.0,0.0,2.0,7.0,0.0,3.5,2.0,4.0
Jermaine Whitehead,2574557,GB,S,2017,rushing,2026-07-03T11:34:24.838325,10.0,0.0,0.7,0.0,0.0,1.0,7.0,0.0,7.0,1.0,7.0
Phillip Dorsett II,2579604,NE,WR,2017,rushing,2026-07-03T11:34:24.838325,15.0,0.0,0.5,0.0,0.0,0.0,7.0,0.0,7.0,1.0,7.0
Nelson Agholor,2971618,PHI,WR,2017,rushing,2026-07-03T11:34:24.838325,16.0,0.0,0.4,0.0,0.0,1.0,7.0,0.0,7.0,1.0,7.0
Josh Bellamy,15555,CHI,WR,2017,rushing,2026-07-03T11:34:24.838325,15.0,0.0,0.4,0.0,0.0,0.0,6.0,0.0,6.0,1.0,6.0
Albert Wilson,17051,KC,WR,2017,rushing,2026-07-03T11:34:24.838325,13.0,0.0,0.5,0.0,0.0,1.0,6.0,0.0,2.0,3.0,6.0
Adam Humphries,2576491,TB,WR,2017,rushing,2026-07-03T11:34:24.838325,16.0,0.0,0.4,0.0,0.0,1.0,6.0,0.0,6.0,1.0,6.0
